{

    "BaseData": {
        "ProjectID": "WLS-00030DK-85",
        "ModuleID": "WLS-00030DK-85-FS",
        "GameType": 0,
        "StripType": 1,
        "GameTypeDetail": 12,
        "BonusList": [ "WLS-00030DK-85-FS" ]
    },
    "StripTable": {
        "Strip_1": {
            "Wieght": [],
            "Reel": [4, 2, 7, 8, 9, 5, 4, 8, 9, 3, 9, 11, 2, 5, 9, 7, 4, 5, 9, 8, 8, 4, 6, 9, 4, 8, 7, 1, 0, 0, 0, 0, 7, 8, 10, 7, 6, 10, 5, 2, 8, 9, 3, 6, 5, 9, 5, 9, 4, 6, 3, 8, 6, 2, 2, 7, 9, 10, 1, 7, 8, 7, 8, 3, 11, 6, 4, 8, 2, 9, 11, 10, 6, 5, 6, 4, 9]
        },
        "Strip_2": {
            "Wieght": [],
            "Reel": [0, 0, 0, 0, 9, 5, 7, 8, 11, 3, 10, 9, 10, 3, 10, 11, 6, 3, 5, 9, 11, 8, 1, 8, 4, 11, 6, 10, 7, 2, 10, 11, 6, 3, 11, 11, 4, 8, 7, 4, 2, 8, 5, 11, 7, 4, 8, 8, 7, 6, 10, 11, 3, 6, 11, 0, 0, 0, 0, 11, 6, 3, 10, 11, 9, 7, 6, 9, 5, 11, 5, 7, 2, 11, 3, 9, 8, 1, 9, 10, 10, 9]
        },
        "Strip_3": {
            "Wieght": [],
            "Reel": [4, 8, 3, 6, 10, 9, 2, 8, 7, 9, 2, 4, 8, 9, 2, 5, 6, 9, 10, 2, 9, 6, 1, 6, 10, 5, 6, 4, 7, 9, 4, 10, 0, 0, 0, 0, 7, 3, 10, 6, 10, 8, 1, 10, 9, 2, 9, 3, 6, 9, 4, 2, 10, 5, 7, 6, 4, 6, 11, 6, 2, 7, 11, 4, 5, 6, 8, 9, 4, 6, 2, 11, 10, 6, 4, 11, 4, 3, 6, 2, 11, 8]
        },
        "Strip_4": {
            "Wieght": [],
            "Reel": [10, 9, 3, 0, 0, 0, 0, 5, 7, 5, 3, 10, 2, 7, 3, 6, 2, 7, 9, 1, 7, 5, 8, 5, 7, 7, 11, 10, 11, 3, 9, 5, 7, 3, 6, 3, 9, 11, 6, 3, 8, 3, 9, 1, 7, 5, 0, 0, 0, 0, 6, 3, 5, 9, 10, 8, 11, 7, 10, 5, 3, 11, 4, 7, 5, 6, 4, 8, 5, 10, 4, 8, 7, 10, 5, 7, 7, 4, 5, 10]
        },
        "Strip_5": {
            "Wieght": [],
            "Reel": [3, 7, 6, 2, 8, 1, 11, 6, 2, 3, 7, 0, 0, 0, 0, 2, 10, 9, 3, 11, 10, 11, 3, 8, 4, 4, 2, 3, 8, 6, 8, 3, 9, 6, 10, 3, 6, 8, 11, 5, 3, 6, 2, 6, 3, 9, 11, 8, 11, 4, 10, 9, 3, 4, 11, 5, 6, 2, 8, 3, 4, 5, 2, 7, 10, 1, 11, 4, 7, 6, 10, 3, 11, 9, 9, 6, 9, 8, 5, 11, 2, 8, 11, 5, 9, 9, 3, 6, 8, 2, 11, 3, 7, 9, 6, 6, 11, 3, 7, 11, 5, 6, 2, 8, 7, 8, 11, 6]
        }
    },

    "Icons": {
        "Icon1": {
            "IconID": 0,
            "IsWildSubstitute": true,

            "BonusID": "",
            "BonusTimes": [],
            "PayType": 0,
            "MultiplierType": 0,
            "MultiplierAcc": 1,
            "MultiplierWin": [ 1 ],
            "MultiplierWeight": [ 1 ],
            "WildType": 1,
            "IconPays": [
                0,
                0,
                25,
                200,
                500
            ]
        },
        "Icon2": {
            "IconID": 1,
            "IsWildSubstitute": false,

            "BonusID": "WLS-00019DK-95-FS",
            "BonusTimes": [
                0,
                0,
                10,
                15,
                25
            ],
            "PayType": 6,
            "MultiplierType": 0,
            "MultiplierAcc": 0,
            "MultiplierWin": [ 1 ],
            "MultiplierWeight": [ 1 ],
            "WildType": 0,
            "IconPays": [
                0,
                0,
                120,
                1200,
                6000
            ]
        },
        "Icon3": {
            "IconID": 2,
            "IsWildSubstitute": true,

            "BonusID": "",
            "BonusTimes": [],
            "PayType": 0,
            "MultiplierType": 0,
            "MultiplierAcc": 1,
            "MultiplierWin": [ 1 ],
            "MultiplierWeight": [ 1 ],
            "WildType": 0,
            "IconPays": [
                0,
                0,
                20,
                100,
                400
            ]
        },
        "Icon4": {
            "IconID": 3,
            "IsWildSubstitute": true,

            "BonusID": "",
            "BonusTimes": [],
            "PayType": 0,
            "MultiplierType": 0,
            "MultiplierAcc": 1,
            "MultiplierWin": [ 1 ],
            "MultiplierWeight": [ 1 ],
            "WildType": 0,
            "IconPays": [
                0,
                0,
                20,
                100,
                300
            ]
        },
        "Icon5": {
            "IconID": 4,
            "IsWildSubstitute": true,

            "BonusID": "",
            "BonusTimes": [],
            "PayType": 0,
            "MultiplierType": 0,
            "MultiplierAcc": 1,
            "MultiplierWin": [ 1 ],
            "MultiplierWeight": [ 1 ],
            "WildType": 0,
            "IconPays": [
                0,
                0,
                10,
                50,
                250
            ]
        },
        "Icon6": {
            "IconID": 5,
            "IsWildSubstitute": true,

            "BonusID": "",
            "BonusTimes": [],
            "PayType": 0,
            "MultiplierType": 0,
            "MultiplierAcc": 1,
            "MultiplierWin": [ 1 ],
            "MultiplierWeight": [ 1 ],
            "WildType": 0,
            "IconPays": [
                0,
                0,
                10,
                50,
                250
            ]
        },
        "Icon7": {
            "IconID": 6,
            "IsWildSubstitute": true,

            "BonusID": "",
            "BonusTimes": [],
            "PayType": 0,
            "MultiplierType": 0,
            "MultiplierAcc": 1,
            "MultiplierWin": [ 1 ],
            "MultiplierWeight": [ 1 ],
            "WildType": 0,
            "IconPays": [
                0,
                0,
                5,
                25,
                150
            ]
        },
        "Icon8": {
            "IconID": 7,
            "IsWildSubstitute": true,

            "BonusID": "",
            "BonusTimes": [],
            "PayType": 0,
            "MultiplierType": 0,
            "MultiplierAcc": 1,
            "MultiplierWin": [ 1 ],
            "MultiplierWeight": [ 1 ],
            "WildType": 0,
            "IconPays": [
                0,
                0,
                5,
                25,
                150
            ]
        },
        "Icon9": {
            "IconID": 8,
            "IsWildSubstitute": true,

            "BonusID": "",
            "BonusTimes": [],
            "PayType": 0,
            "MultiplierType": 0,
            "MultiplierAcc": 1,
            "MultiplierWin": [ 1 ],
            "MultiplierWeight": [ 1 ],
            "WildType": 0,
            "IconPays": [
                0,
                0,
                5,
                20,
                150
            ]
        },
        "Icon10": {
            "IconID": 9,
            "IsWildSubstitute": true,

            "BonusID": "",
            "BonusTimes": [],
            "PayType": 0,
            "MultiplierType": 0,
            "MultiplierAcc": 1,
            "MultiplierWin": [ 1 ],
            "MultiplierWeight": [ 1 ],
            "WildType": 0,
            "IconPays": [
                0,
                0,
                5,
                20,
                100
            ]
        },
        "Icon11": {
            "IconID": 10,
            "IsWildSubstitute": true,

            "BonusID": "",
            "BonusTimes": [],
            "PayType": 0,
            "MultiplierType": 0,
            "MultiplierAcc": 1,
            "MultiplierWin": [ 1 ],
            "MultiplierWeight": [ 1 ],
            "WildType": 0,
            "IconPays": [
                0,
                0,
                5,
                20,
                100
            ]
        },
        "Icon12": {
            "IconID": 11,
            "IsWildSubstitute": true,

            "BonusID": "",
            "BonusTimes": [],
            "PayType": 0,
            "MultiplierType": 0,
            "MultiplierAcc": 1,
            "MultiplierWin": [ 1 ],
            "MultiplierWeight": [ 1 ],
            "WildType": 0,
            "IconPays": [
                0,
                0,
                5,
                20,
                100
            ]
        },
        "Icon13": {
            "IconID": 12,
            "IsWildSubstitute": false,

            "BonusID": "",
            "BonusTimes": [],
            "PayType": 0,
            "MultiplierType": 0,
            "MultiplierAcc": 1,
            "MultiplierWin": [ 1 ],
            "MultiplierWeight": [ 1 ],
            "WildType": 1,
            "IconPays": [
                0,
                0,
                0,
                0,
                0
            ]
        }
    },
    "SpecialRule": {
        "CollectSymbolSet": {
            "SignId": 12,
            "ProductList": [ 2, 3, 4, 5, 6, 7, 8 ]
        }
    }

}