{
"BaseData":{
		"ProjectID": "SG-00001-94",
		"ModuleID": "SG-00001-94-FS",
		"GameType": 0,
		"StripType": 1,
		"GameTypeDetail": 12,
		"BonusList":["SG-00001-94-FS"]
	},
  "StripTable": {
		"Strip_1":{
			"Wieght":[],
			"Reel":[10,10,10,10,10,10,5,6,7,2,8,5,0,2,8,5,9,9,9,9,9,9,4,6,5,8,9,10,5,8,3,4,9,0,3,4,9,10,10,10,9,9,9,6,1,7,7,7,8,9,10,6,6,10,6,7,0,10,6,7,6,8,8,9,9,10,10,7,8,8,8,8,8
]
		},
		"Strip_2":{
			"Wieght":[],
			"Reel":[9,9,9,9,2,3,4,0,2,3,4,5,9,10,5,1,8,9,10,8,10,5,9,8,5,6,8,0,5,6,8,5,8,8,10,10,10,9,9,9,10,5,6,8,0,5,6,8,10,9,9,7,7,7,6,7,9,10,7,0,9,10,7,6,6,7,8,8,9,8
]
		},
		"Strip_3":{
			"Wieght":[],
			"Reel":[9,9,7,9,10,3,0,9,10,3,8,8,8,2,9,9,9,9,6,1,5,5,5,6,8,8,5,6,7,4,6,7,0,4,6,7,4,4,4,5,6,1,6,7,3
]
		},
		"Strip_4":{
			"Wieght":[],
			"Reel":[4,5,5,5,3,4,7,0,3,4,7,10,10,10,9,9,9,3,2,1,4,7,7,7,5,5,9,10,5,6,0,10,5,6,7,8,8,9,6,6,6,7,8,8,8,7,3
]
		},
		"Strip_5":{
			"Wieght":[],
			"Reel":[10,8,8,10,2,1,4,7,10,5,10,7,3,4,10,0,3,4,10,7,6,9,9,9,8,8,8,8,9,10,8,9,10,8,10,7,1,7,10,9,10,10,9,9,2,8,9,0,2,9,9,2,6,3,10,10,10,10,10
]
		}
  },

  "Icons": {
    "Icon1": {
      "IconID": 0,
      "IsWildSubstitute": false,
      "IsChange": false,
      "BonusID": "",
      "BonusTimes": [],
      "PayType": 0,
	  "MultiplierType": 1,
      "MultiplierAcc": 1,
      "MultiplierWin": [1],
	  "MultiplierWeight": [1],
      "WildType": 2,
      "IconPays": [
        0,
        0,
        0,
        0,
        3000
      ]
    },
    "Icon2": {
      "IconID": 1,
      "IsWildSubstitute": false,
      "IsChange": false,
      "BonusID": "SG-00001-96-FS",
      "BonusTimes": [
        0,
        0,
        10,
        15,
        25
      ],
      "PayType": 6,
	  "MultiplierType": 1,
      "MultiplierAcc": 1,
      "MultiplierWin": [1],
	  "MultiplierWeight": [1],
      "WildType": 0,
      "IconPays": [
        0,
        0,
        25,
        250,
        2500
      ]
    },
    "Icon3": {
      "IconID": 2,
      "IsWildSubstitute": true,
      "IsChange": false,
      "BonusID": "",
      "BonusTimes": [],
      "PayType": 0,
	  "MultiplierType": 1,
      "MultiplierAcc": 1,
      "MultiplierWin": [1],
	  "MultiplierWeight": [1],
      "WildType": 0,
      "IconPays": [
        0,
        0,
        80,
        300,
        800
      ]
    },
    "Icon4": {
      "IconID": 3,
      "IsWildSubstitute": true,
      "IsChange": false,
      "BonusID": "",
      "BonusTimes": [],
      "PayType": 0,
	  "MultiplierType": 1,
      "MultiplierAcc": 1,
      "MultiplierWin": [1],
	  "MultiplierWeight": [1],
      "WildType": 0,
      "IconPays": [
        0,
        0,
        50,
        125,
        500
      ]
    },
    "Icon5": {
      "IconID": 4,
      "IsWildSubstitute": true,
      "IsChange": false,
      "BonusID": "",
      "BonusTimes": [],
      "PayType": 0,
	  "MultiplierType": 1,
      "MultiplierAcc": 1,
      "MultiplierWin": [1],
	  "MultiplierWeight": [1],
      "WildType": 0,
      "IconPays": [
        0,
        0,
        20,
        75,
        300
      ]
    },
    "Icon6": {
      "IconID": 5,
      "IsWildSubstitute": true,
      "IsChange": false,
      "BonusID": "",
      "BonusTimes": [],
      "PayType": 0,
	  "MultiplierType": 1,
      "MultiplierAcc": 1,
      "MultiplierWin": [1],
	  "MultiplierWeight": [1],
      "WildType": 0,
      "IconPays": [
        0,
        0,
        15,
        50,
        250
      ]
    },
    "Icon7": {
      "IconID": 6,
      "IsWildSubstitute": true,
      "IsChange": false,
      "BonusID": "",
      "BonusTimes": [],
      "PayType": 0,
	  "MultiplierType": 1,
      "MultiplierAcc": 1,
      "MultiplierWin": [1],
	  "MultiplierWeight": [1],
      "WildType": 0,
      "IconPays": [
        0,
        0,
        10,
        30,
        200
      ]
    },
    "Icon8": {
      "IconID": 7,
      "IsWildSubstitute": true,
      "IsChange": false,
      "BonusID": "",
      "BonusTimes": [],
      "PayType": 0,
	  "MultiplierType": 1,
      "MultiplierAcc": 1,
      "MultiplierWin": [1],
	  "MultiplierWeight": [1],
      "WildType": 0,
      "IconPays": [
        0,
        0,
        10,
        30,
        200
      ]
    },
    "Icon9": {
      "IconID": 8,
      "IsWildSubstitute": true,
      "IsChange": false,
      "BonusID": "",
      "BonusTimes": [],
      "PayType": 0,
	  "MultiplierType": 1,
      "MultiplierAcc": 1,
      "MultiplierWin": [1],
	  "MultiplierWeight": [1],
      "WildType": 0,
      "IconPays": [
        0,
        0,
        5,
        20,
        150
      ]
    },
    "Icon10": {
      "IconID": 9,
      "IsWildSubstitute": true,
      "IsChange": false,
      "BonusID": "",
      "BonusTimes": [],
      "PayType": 0,
	  "MultiplierType": 1,
      "MultiplierAcc": 1,
      "MultiplierWin": [1],
	  "MultiplierWeight": [1],
      "WildType": 0,
      "IconPays": [
        0,
        0,
        5,
        10,
        100
      ]
    },
    "Icon11": {
      "IconID": 10,
      "IsWildSubstitute": true,
      "IsChange": false,
      "BonusID": "",
      "BonusTimes": [],
      "PayType": 0,
	  "MultiplierType": 1,
      "MultiplierAcc": 1,
      "MultiplierWin": [1],
	  "MultiplierWeight": [1],
      "WildType": 0,
      "IconPays": [
        0,
        0,
        5,
        10,
        100
      ]
    }
  },
  	"SpecialRule":{
	}
}