{

	"BaseData":{
		"ProjectID": "SG-00001-85",
		"ModuleID": "SG-00001-85-BS",
		"GameType": 0,
		"StripType": 1,
		"GameTypeDetail": 12,
		"BonusList":["SG-00001-85-FS"]
	},
  "StripTable": {
		"Strip_1":{
			"Wieght":[],
			"Reel":[4,6,10,8,4,9,10,1,4,10,9,6,8,10,9,5,10,9,8,4,8,7,0,4,8,7,8,6,8,4,9,10,9,6,10,9,8,6,8,9,10,4,10,6,3,9,6,8,8,1,6,8,10,8,6,8,10,8,6,9,10,6,9,2,9,10,4,10,9,9,6,9,10,8,4
]
		},
		"Strip_2":{
			"Wieght":[],
			"Reel":[7,9,5,2,9,6,9,3,9,10,2,8,9,4,0,8,9,4,10,3,9,10,5,10,3,6,3,10,3,10,6,10,3,10,5,10,6,10,7,5,7,3,7,3,7,1,3,5,6,7,10,5,10,3,3,10,5,6,7,6,10,7,6,6,7,7,10,5,9,6,7,6,10,6,7
]
		},
		"Strip_3":{
			"Wieght":[],
			"Reel":[2,7,3,8,9,1,8,4,7,8,9,2,7,8,9,5,2,7,8,9,2,9,3,10,6,0,3,10,6,3,2,9,3,9,8,2,4,8,7,8,2,8,5,9,8,2,8,7,8,1,4,2,7,8,7,2,8,4,5,7,8,2,5,4,5,7,4,5,7,7,4,5
]
		},
		"Strip_4":{
			"Wieght":[],
			"Reel":[3,10,5,9,4,10,3,2,1,10,4,8,2,10,8,3,10,8,6,8,9,2,9,6,0,2,9,6,10,3,7,8,6,5,8,7,9,4,5,1,6,8,7,9,3,8,5,8,9,3,9,4,7,7,5,4,6,8,7,9,5,3,4,5,8,4,7,6,4,6,8,9,9,6,7,10,6,6
]
		},
		"Strip_5":{
			"Wieght":[],
			"Reel":[2,9,3,8,5,9,4,8,2,9,9,2,10,4,5,4,7,9,10,3,10,7,4,3,6,10,10,6,8,9,0,6,8,9,7,6,7,9,5,7,10,1,9,6,10,2,5,6,3,2,10,6,3,7,2,3,10,6,2,7,3,2,10
]
		}
  },

  "Icons": {
    "Icon1": {
      "IconID": 0,
      "IsWildSubstitute": false,
      
      "BonusID": "",
      "BonusTimes": [],
      "PayType": 0,
	  "MultiplierType": 1,
      "MultiplierAcc": 1,
      "MultiplierWin": [1],
	  "MultiplierWeight": [1],
      "WildType": 2,
      "IconPays": [
        0,
        0,
        0,
        0,
        3000
      ]
    },
    "Icon2": {
      "IconID": 1,
      "IsWildSubstitute": false,
      
      "BonusID": "SG-00001-96-FS",
      "BonusTimes": [
        0,
        0,
        10,
        15,
        25
      ],
      "PayType": 6,
	  "MultiplierType": 1,
      "MultiplierAcc": 1,
      "MultiplierWin": [1],
	  "MultiplierWeight": [1],
      "WildType": 0,
      "IconPays": [
        0,
        0,
        25,
        250,
        2500
      ]
    },
    "Icon3": {
      "IconID": 2,
      "IsWildSubstitute": true,
      
      "BonusID": "",
      "BonusTimes": [],
      "PayType": 0,
	  "MultiplierType": 1,
      "MultiplierAcc": 1,
      "MultiplierWin": [1],
	  "MultiplierWeight": [1],
      "WildType": 0,
      "IconPays": [
        0,
        0,
        80,
        300,
        800
      ]
    },
    "Icon4": {
      "IconID": 3,
      "IsWildSubstitute": true,
      
      "BonusID": "",
      "BonusTimes": [],
      "PayType": 0,
	  "MultiplierType": 1,
      "MultiplierAcc": 1,
      "MultiplierWin": [1],
	  "MultiplierWeight": [1],
      "WildType": 0,
      "IconPays": [
        0,
        0,
        50,
        125,
        500
      ]
    },
    "Icon5": {
      "IconID": 4,
      "IsWildSubstitute": true,
      
      "BonusID": "",
      "BonusTimes": [],
      "PayType": 0,
	  "MultiplierType": 1,
      "MultiplierAcc": 1,
      "MultiplierWin": [1],
	  "MultiplierWeight": [1],
      "WildType": 0,
      "IconPays": [
        0,
        0,
        20,
        75,
        300
      ]
    },
    "Icon6": {
      "IconID": 5,
      "IsWildSubstitute": true,
      
      "BonusID": "",
      "BonusTimes": [],
      "PayType": 0,
	  "MultiplierType": 1,
      "MultiplierAcc": 1,
      "MultiplierWin": [1],
	  "MultiplierWeight": [1],
      "WildType": 0,
      "IconPays": [
        0,
        0,
        15,
        50,
        250
      ]
    },
    "Icon7": {
      "IconID": 6,
      "IsWildSubstitute": true,
      
      "BonusID": "",
      "BonusTimes": [],
      "PayType": 0,
	  "MultiplierType": 1,
      "MultiplierAcc": 1,
      "MultiplierWin": [1],
	  "MultiplierWeight": [1],
      "WildType": 0,
      "IconPays": [
        0,
        0,
        10,
        30,
        200
      ]
    },
    "Icon8": {
      "IconID": 7,
      "IsWildSubstitute": true,
      
      "BonusID": "",
      "BonusTimes": [],
      "PayType": 0,
	  "MultiplierType": 1,
      "MultiplierAcc": 1,
      "MultiplierWin": [1],
	  "MultiplierWeight": [1],
      "WildType": 0,
      "IconPays": [
        0,
        0,
        10,
        30,
        200
      ]
    },
    "Icon9": {
      "IconID": 8,
      "IsWildSubstitute": true,
      
      "BonusID": "",
      "BonusTimes": [],
      "PayType": 0,
	  "MultiplierType": 1,
      "MultiplierAcc": 1,
      "MultiplierWin": [1],
	  "MultiplierWeight": [1],
      "WildType": 0,
      "IconPays": [
        0,
        0,
        5,
        20,
        150
      ]
    },
    "Icon10": {
      "IconID": 9,
      "IsWildSubstitute": true,
      
      "BonusID": "",
      "BonusTimes": [],
      "PayType": 0,
	  "MultiplierType": 1,
      "MultiplierAcc": 1,
      "MultiplierWin": [1],
	  "MultiplierWeight": [1],
      "WildType": 0,
      "IconPays": [
        0,
        0,
        5,
        10,
        100
      ]
    },
    "Icon11": {
      "IconID": 10,
      "IsWildSubstitute": true,
      
      "BonusID": "",
      "BonusTimes": [],
      "PayType": 0,
	  "MultiplierType": 1,
      "MultiplierAcc": 1,
      "MultiplierWin": [1],
	  "MultiplierWeight": [1],
      "WildType": 0,
      "IconPays": [
        0,
        0,
        5,
        10,
        100
      ]
    }
  },
	"SpecialRule":{
	}
  
}