{
	"BaseData":{
		"ProjectID": "WLS-00007BT-96",
		"ModuleID": "WLS-00007BT-96-FS",
		"GameType": 1,
		"StripType": 0,
		"GameTypeDetail": 15,
		"BonusList":["WLS-00007BT-96-FS"]
	},
	"StripTable": {
		"Strip_1":{
			"Wieght":[],
			"Reel":[11,1,3,5,10,11,6,9,9,9,9,3,11,11,10,1,4,9,9,9,9,9,9,6,5,2,11,7,8,6,10,11,10,6,3,4,8,5,11,11,8,10,7,11,10,8,7,7,10,7,7,7,3,8,9,9,9,1,11,11,11,2,3,5,10,10,9,9,7,5,1,7,7,6,10]
		},
		"Strip_2":{
			"Wieght":[],
			"Reel":[11,3,5,2,11,2,10,5,10,6,8,1,11,11,5,11,5,1,6,11,10,2,4,9,9,10,11,11,7,1,8,4,6,2,9,7,6,11,11,8,9,10,5,10,0,11,11,5,11,11,6,11,11,6,8,1,9,11,9,10,2,9,10]
		},
		"Strip_3":{
			"Wieght":[],
			"Reel":[8,7,6,11,10,10,1,10,10,7,7,8,7,2,3,11,7,8,9,7,6,8,8,8,10,10,1,10,10,4,11,8,10,10,1,10,10,11,7,11,10,10,1,10,10,8,11,0,10,10,1,10,10,8,7,11,7,5,8,9,8,7,8,7,8,8,4,11,8,7,5,3,4,5,6]
		},
		"Strip_4":{
			"Wieght":[],
			"Reel":[11,10,4,9,9,9,5,2,7,10,8,10,8,2,4,5,8,8,9,2,8,7,10,6,10,8,2,9,7,4,8,7,10,5,11,8,9,7,2,9,7,8,6,10,11,3,9,7,11,3,8,9,5,11,10,8,6,9,7,9,11,11,5,6,10,8,0,11,11,3,10,10,11,9,9,11,10,11,8,11,10,6,3,4]
		},
		"Strip_5":{
			"Wieght":[],
			"Reel":[10,3,4,11,11,10,10,2,7,10,8,3,10,10,4,11,7,11,7,7,7,2,7,8,4,7,8,8,5,8,8,7,8,6,9,10,11,9,6,9,9,8,9,6,10,8,9,5,10,7,5,8,7,8,9,10,4,11,7,10,6,9,10,9,11,7,9,7,4,5,9,11,11,11,8,2,3,4,9,10,7,8,9]
		}
	},
	"Icons": {
		"Icon1": {
			"IconID": 0,
			"IsWildSubstitute": false,
			"BonusID": "",
			"BonusTimes": [],
			"PayType": 2,
			"MultiplierType": 1,
			"MultiplierAcc": 1,
			"MultiplierWin": [1],
			"MultiplierWeight": [1],
			"WildType": 1,
			"IconPays": [0,0,0,0,0]
    },
		"Icon2": {
			"IconID": 1,
			"IsWildSubstitute": false,
			"BonusID": "WLS-00007BT-96-FS",
			"BonusTimes": [0,0,7,7,7],
			"PayType": 3,
			"MultiplierType": 1,
			"MultiplierAcc": 1,
			"MultiplierWin": [1],
			"MultiplierWeight": [1],
			"WildType": 0,
			"IconPays": [0,0,60,60,60]
		},
		"Icon3": {
			"IconID": 2,
			"IsWildSubstitute": true,
			"BonusID": "",
			"BonusTimes": [],
			"PayType": 2,
			"MultiplierType": 1,
			"MultiplierAcc": 1,
			"MultiplierWin": [1],
			"MultiplierWeight": [1],
			"WildType": 0,
			"IconPays": [0,0,50,200,1000]
		},
		"Icon4": {
			"IconID": 3,
			"IsWildSubstitute": true,
			"BonusID": "",
			"BonusTimes": [],
			"PayType": 2,
			"MultiplierType": 1,
			"MultiplierAcc": 1,
			"MultiplierWin": [1],
			"MultiplierWeight": [1],
			"WildType": 0,
			"IconPays": [0,0,30,150,600]
		},
		"Icon5": {
			"IconID": 4,
			"IsWildSubstitute": true,
			"BonusID": "",
			"BonusTimes": [],
			"PayType": 2,
			"MultiplierType": 1,
			"MultiplierAcc": 1,
			"MultiplierWin": [1],
			"MultiplierWeight": [1],
			"WildType": 0,
			"IconPays": [0,0,25,100,400]
		},
		"Icon6": {
			"IconID": 5,
			"IsWildSubstitute": true,
			"BonusID": "",
			"BonusTimes": [],
			"PayType": 2,
			"MultiplierType": 1,
			"MultiplierAcc": 1,
			"MultiplierWin": [1],
			"MultiplierWeight": [1],
			"WildType": 0,
			"IconPays": [0,0,20,75,300]
		},
		"Icon7": {
			"IconID": 6,
			"IsWildSubstitute": true,
			"BonusID": "",
			"BonusTimes": [],
			"PayType": 2,
			"MultiplierType": 1,
			"MultiplierAcc": 1,
			"MultiplierWin": [1],
			"MultiplierWeight": [1],
			"WildType": 0,
			"IconPays": [0,0,15,50,200]
		},
		"Icon8": {
			"IconID": 7,
			"IsWildSubstitute": true,
			"BonusID": "",
			"BonusTimes": [],
			"PayType": 0,
			"MultiplierType": 1,
			"MultiplierAcc": 1,
			"MultiplierWin": [1],
			"MultiplierWeight": [1],
			"WildType": 0,
			"IconPays": [0,0,10,30,100]
		},
		"Icon9": {
			"IconID": 8,
			"IsWildSubstitute": true,
			"BonusID": "",
			"BonusTimes": [],
			"PayType": 0,
			"MultiplierType": 1,
			"MultiplierAcc": 1,
			"MultiplierWin": [1],
			"MultiplierWeight": [1],
			"WildType": 0,
			"IconPays": [0,0,10,30,100]
		},
		"Icon10": {
			"IconID": 9,
			"IsWildSubstitute": true,
			"BonusID": "",
			"BonusTimes": [],
			"PayType": 0,
			"MultiplierType": 1,
			"MultiplierAcc": 1,
			"MultiplierWin": [1],
			"MultiplierWeight": [1],
			"WildType": 0,
			"IconPays": [0,0,5,10,50]
		},
		"Icon11": {
			"IconID": 10,
			"IsWildSubstitute": true,
			"BonusID": "",
			"BonusTimes": [],
			"PayType": 0,
			"MultiplierType": 1,
			"MultiplierAcc": 1,
			"MultiplierWin": [1],
			"MultiplierWeight": [1],
			"WildType": 0,
			"IconPays": [0,0,5,10,50]
		},
		"Icon12": {
			"IconID": 11,
			"IsWildSubstitute": true,
			"BonusID": "",
			"BonusTimes": [],
			"PayType": 0,
			"MultiplierType": 1,
			"MultiplierAcc": 1,
			"MultiplierWin": [1],
			"MultiplierWeight": [1],
			"WildType": 0,
			"IconPays": [0,0,5,10,50]
		}
	},
	"SpecialRule": {
		"ChangeCandidate": [
			7143,
			14286,
			14286,
			28571,
			35714
		]
	}
}
