{
	"BaseData":{
		"ProjectID": "WLS-00007BT-85",
		"ModuleID": "WLS-00007BT-85-BS",
		"GameType": 1,
		"StripType": 0,
		"GameTypeDetail": 15,
		"BonusList":["WLS-00007BT-85-FS"]
	},
	"StripTable": {
		"Strip_1":{
			"Wieght":[],
			"Reel":[8, 2, 3, 1, 2, 7, 6, 9, 11, 6, 7, 11, 10, 1, 11, 10, 5, 7, 3, 8, 3, 10, 5, 9, 4, 11, 5, 7, 11, 9, 10, 11, 1, 10, 11, 5, 7, 5, 10, 3, 9, 9, 1, 9, 4, 6, 4, 10, 11, 5, 10, 3, 3, 3, 3]
		},
		"Strip_2":{
			"Wieght":[],
			"Reel":[11, 7, 3, 10, 0, 9, 5, 9, 5, 8, 7, 1, 8, 7, 6, 9, 5, 11, 6, 8, 1, 4, 8, 10, 9, 4, 10, 3, 10, 4, 11, 10, 6, 7, 8, 1, 4, 8, 9, 6, 10, 11, 2, 10, 11, 5, 8, 7, 10, 8, 2, 9, 11, 3, 9, 10, 4, 9, 4, 10, 3]
		},
		"Strip_3":{
			"Wieght":[],
			"Reel":[10, 2, 10, 10, 1, 3, 7, 3, 4, 3, 10, 6, 4, 4, 9, 10, 8, 6, 9, 1, 10, 11, 6, 9, 0, 5, 10, 8, 8, 8, 11, 11, 9, 9, 11, 1, 0, 4, 7, 6, 11, 6, 8, 5, 9, 5, 11, 9, 4, 5, 7, 10, 4, 6]
		},
		"Strip_4":{
			"Wieght":[],
			"Reel":[11, 2, 9, 4, 9, 4, 5, 8, 5, 7, 4, 7, 9, 4, 5, 8, 5, 4, 7, 6, 6, 3, 8, 9, 3, 6, 2, 8, 9, 0, 7, 6, 7, 2, 8, 6, 7, 2, 5, 9, 6, 9, 2, 8, 6, 10, 4, 9, 3, 7, 3, 5, 11, 8, 9, 11, 8, 9, 0]
		},
		"Strip_5":{
			"Wieght":[],
			"Reel":[10, 4, 6, 10, 3, 10, 8, 3, 5, 10, 8, 2, 9, 11, 11, 0, 9, 11, 5, 11, 10, 8, 3, 7, 11, 2, 5, 10, 7, 4, 10, 6, 10, 6, 4, 11, 11, 2, 7, 11, 7, 0]
		}
	},
	"Icons": {
		"Icon1": {
			"IconID": 0,
			"IsWildSubstitute": false,
			"BonusID": "",
			"BonusTimes": [],
			"PayType": 0,
			"MultiplierType": 1,
			"MultiplierAcc": 1,
			"MultiplierWin": [1],
			"MultiplierWeight": [1],
			"WildType": 1,
			"IconPays": [0,0,0,0,0]
    },
		"Icon2": {
			"IconID": 1,
			"IsWildSubstitute": false,
			"BonusID": "WLS-00007BT-85-FS",
			"BonusTimes": [0,0,7,7,7],
			"PayType": 3,
			"MultiplierType": 1,
			"MultiplierAcc": 1,
			"MultiplierWin": [1],
			"MultiplierWeight": [1],
			"WildType": 0,
			"IconPays": [0,0,60,60,60]

		},
		"Icon3": {
			"IconID": 2,
			"IsWildSubstitute": true,
			"BonusID": "",
			"BonusTimes": [],
			"PayType": 0,
			"MultiplierType": 1,
			"MultiplierAcc": 1,
			"MultiplierWin": [1],
			"MultiplierWeight": [1],
			"WildType": 0,
			"IconPays": [0,0,50,200,1000]
		},
		"Icon4": {
			"IconID": 3,
			"IsWildSubstitute": true,
			"BonusID": "",
			"BonusTimes": [],
			"PayType": 0,
			"MultiplierType": 1,
			"MultiplierAcc": 1,
			"MultiplierWin": [1],
			"MultiplierWeight": [1],
			"WildType": 0,
			"IconPays": [0,0,30,150,600]
		},
		"Icon5": {
			"IconID": 4,
			"IsWildSubstitute": true,
			"BonusID": "",
			"BonusTimes": [],
			"PayType": 0,
			"MultiplierType": 1,
			"MultiplierAcc": 1,
			"MultiplierWin": [1],
			"MultiplierWeight": [1],
			"WildType": 0,
			"IconPays": [0,0,25,100,400]
		},
		"Icon6": {
			"IconID": 5,
			"IsWildSubstitute": true,
			"BonusID": "",
			"BonusTimes": [],
			"PayType": 0,
			"MultiplierType": 1,
			"MultiplierAcc": 1,
			"MultiplierWin": [1],
			"MultiplierWeight": [1],
			"WildType": 0,
			"IconPays": [0,0,20,75,300]
		},
		"Icon7": {
			"IconID": 6,
			"IsWildSubstitute": true,
			"BonusID": "",
			"BonusTimes": [],
			"PayType": 0,
			"MultiplierType": 1,
			"MultiplierAcc": 1,
			"MultiplierWin": [1],
			"MultiplierWeight": [1],
			"WildType": 0,
			"IconPays": [0,0,15,50,200]
		},
		"Icon8": {
			"IconID": 7,
			"IsWildSubstitute": true,
			"BonusID": "",
			"BonusTimes": [],
			"PayType": 0,
			"MultiplierType": 1,
			"MultiplierAcc": 1,
			"MultiplierWin": [1],
			"MultiplierWeight": [1],
			"WildType": 0,
			"IconPays": [0,0,10,30,100]
		},
		"Icon9": {
			"IconID": 8,
			"IsWildSubstitute": true,
			"BonusID": "",
			"BonusTimes": [],
			"PayType": 0,
			"MultiplierType": 1,
			"MultiplierAcc": 1,
			"MultiplierWin": [1],
			"MultiplierWeight": [1],
			"WildType": 0,
			"IconPays": [0,0,10,30,100]
		},
		"Icon10": {
			"IconID": 9,
			"IsWildSubstitute": true,
			"BonusID": "",
			"BonusTimes": [],
			"PayType": 0,
			"MultiplierType": 1,
			"MultiplierAcc": 1,
			"MultiplierWin": [1],
			"MultiplierWeight": [1],
			"WildType": 0,
			"IconPays": [0,0,5,10,50]
		},
		"Icon11": {
			"IconID": 10,
			"IsWildSubstitute": true,
			"BonusID": "",
			"BonusTimes": [],
			"PayType": 0,
			"MultiplierType": 1,
			"MultiplierAcc": 1,
			"MultiplierWin": [1],
			"MultiplierWeight": [1],
			"WildType": 0,
			"IconPays": [0,0,5,10,50]
		},
		"Icon12": {
			"IconID": 11,
			"IsWildSubstitute": true,
			"BonusID": "",
			"BonusTimes": [],
			"PayType": 0,
			"MultiplierType": 1,
			"MultiplierAcc": 1,
			"MultiplierWin": [1],
			"MultiplierWeight": [1],
			"WildType": 0,
			"IconPays": [0,0,5,10,50]
		}
	},
	"SpecialRule": {
		"ChangeCandidate": [
			7143,
			14286,
			14286,
			28571,
			35714
		]
	}
}