{

	"BaseData":{
		"ProjectID": "WLS-00013LD-105",
		"ModuleID": "WLS-00013LD-105-BS",
		"GameType": 0,
		"StripType": 1,
		"GameTypeDetail": 10,
		"WinStrategyType": 1,
		"BonusList":["WLS-00013LD-105-FS"]
	},
  "StripTable": {
		"Strip_1":{
			"Wieght":[],
			"Reel":[6,2,8,7,10,5,7,8,10,3,10,7,8,5,10,8,7,5,10,9,7,4,7,10,1,6,8,7,0,0,0,0,8,6,11,2,8,7,10,5,7,11,8,3,10,7,10,5,10,6,1,10,9,7,8,2,8,10,11,1,8,7,8,7

]
		},
		"Strip_2":{
			"Wieght":[],
			"Reel":[5,11,10,11,4,10,8,2,9,11,3,11,5,11,7,0,0,0,0,0,11,3,8,5,6,11,1,9,10,9,1,11,9,2,11,9,5,6,11,9,4,9,6,4,6,9,5,6,11,4,6,11,8,7,11,9,3,7,9,2

			]
		},
		"Strip_3":{
			"Wieght":[],
			"Reel":[4,9,3,8,5,10,2,9,3,11,3,6,9,10,2,9,11,6,3,9,2,11,7,9,3,10,2,9,4,10,5,9,4,8,0,0,0,0,9,6,5,9,8,7,1,8,9,2,8,7,5,10,4,6,9,5,8,4,0,0,0
]
		},
		"Strip_4":{
			"Wieght":[],
			"Reel":[5,10,4,9,3,11,9,5,11,6,4,6,2,10,3,7,2,6,9,1,8,5,8,5,8,2,11,5,6,9,5,10,8,3,7,3,10,4,7,3,9,3,10,2,11,9,0,0,0,0,7,4,6,0,0,0,0,8,11
]
		},
		"Strip_5":{
			"Wieght":[],
			"Reel":[3,8,7,2,9,4,11,7,2,11,8,0,0,0,0,2,4,6,3,11,3,0,0,0,4,10,2,6,5,6,9,3,10,7,1,6,7,5,8,5,11,7,2,7,3,10,0,0,0
]
		}
  },

  "Icons": {
    "Icon1": {
      "IconID": 0,
      "IsWildSubstitute": false,
      
      "BonusID": "",
      "BonusTimes": [],
      "PayType": 0,
	  "MultiplierType": 1,
      "MultiplierAcc": 1,
      "MultiplierWin": [1],
	  "MultiplierWeight": [1],
      "WildType": 1,
      "IconPays": [
        0,
        0,
        20,
        100,
        500
      ]
    },
    "Icon2": {
      "IconID": 1,
      "IsWildSubstitute": false,
      
      "BonusID": "WLS-00013LD-105-FS",
      "BonusTimes": [
        0,
        0,
        10,
        15,
        20
      ],
      "PayType": 6,
	  "MultiplierType": 1,
      "MultiplierAcc": 1,
      "MultiplierWin": [1],
	  "MultiplierWeight": [1],
      "WildType": 0,
      "IconPays": [
        0,
        0,
        40,
        100,
        200
      ]
    },
    "Icon3": {
      "IconID": 2,
      "IsWildSubstitute": true,
      
      "BonusID": "",
      "BonusTimes": [],
      "PayType": 0,
	  "MultiplierType": 1,
      "MultiplierAcc": 1,
      "MultiplierWin": [1],
	  "MultiplierWeight": [1],
      "WildType": 0,
      "IconPays": [
        0,
        0,
        15,
        50,
        200
      ]
    },
    "Icon4": {
      "IconID": 3,
      "IsWildSubstitute": true,
      
      "BonusID": "",
      "BonusTimes": [],
      "PayType": 0,
	  "MultiplierType": 1,
      "MultiplierAcc": 1,
      "MultiplierWin": [1],
	  "MultiplierWeight": [1],
      "WildType": 0,
      "IconPays": [
        0,
        0,
        15,
        50,
        200
      ]
    },
    "Icon5": {
      "IconID": 4,
      "IsWildSubstitute": true,
      
      "BonusID": "",
      "BonusTimes": [],
      "PayType": 0,
	  "MultiplierType": 1,
      "MultiplierAcc": 1,
      "MultiplierWin": [1],
	  "MultiplierWeight": [1],
      "WildType": 0,
      "IconPays": [
        0,
        0,
        5,
        40,
        125
      ]
    },
    "Icon6": {
      "IconID": 5,
      "IsWildSubstitute": true,
      
      "BonusID": "",
      "BonusTimes": [],
      "PayType": 0,
	  "MultiplierType": 1,
      "MultiplierAcc": 1,
      "MultiplierWin": [1],
	  "MultiplierWeight": [1],
      "WildType": 0,
      "IconPays": [
        0,
        0,
        5,
        40,
        125
      ]
    },
    "Icon7": {
      "IconID": 6,
      "IsWildSubstitute": true,
      
      "BonusID": "",
      "BonusTimes": [],
      "PayType": 0,
	  "MultiplierType": 1,
      "MultiplierAcc": 1,
      "MultiplierWin": [1],
	  "MultiplierWeight": [1],
      "WildType": 0,
      "IconPays": [
        0,
        0,
        2,
        20,
        80
      ]
    },
    "Icon8": {
      "IconID": 7,
      "IsWildSubstitute": true,
      
      "BonusID": "",
      "BonusTimes": [],
      "PayType": 0,
	  "MultiplierType": 1,
      "MultiplierAcc": 1,
      "MultiplierWin": [1],
	  "MultiplierWeight": [1],
      "WildType": 0,
      "IconPays": [
        0,
        0,
        2,
        20,
        80
      ]
    },
    "Icon9": {
      "IconID": 8,
      "IsWildSubstitute": true,
      
      "BonusID": "",
      "BonusTimes": [],
      "PayType": 0,
	  "MultiplierType": 1,
      "MultiplierAcc": 1,
      "MultiplierWin": [1],
	  "MultiplierWeight": [1],
      "WildType": 0,
      "IconPays": [
        0,
        0,
        2,
        15,
        50
      ]
    },
    "Icon10": {
      "IconID": 9,
      "IsWildSubstitute": true,
      
      "BonusID": "",
      "BonusTimes": [],
      "PayType": 0,
	  "MultiplierType": 1,
      "MultiplierAcc": 1,
      "MultiplierWin": [1],
	  "MultiplierWeight": [1],
      "WildType": 0,
      "IconPays": [
        0,
        0,
        2,
        15,
        50
      ]
    },
    "Icon11": {
      "IconID": 10,
      "IsWildSubstitute": true,
      
      "BonusID": "",
      "BonusTimes": [],
      "PayType": 0,
	  "MultiplierType": 1,
      "MultiplierAcc": 1,
      "MultiplierWin": [1],
	  "MultiplierWeight": [1],
      "WildType": 0,
      "IconPays": [
        0,
        0,
        2,
        15,
        50
      ]
    },
	  "Icon12": {
      "IconID": 11,
      "IsWildSubstitute": true,
      
      "BonusID": "",
      "BonusTimes": [],
      "PayType": 0,
	  "MultiplierType": 1,
      "MultiplierAcc": 1,
      "MultiplierWin": [1],
	  "MultiplierWeight": [1],
      "WildType": 0,
      "IconPays": [
        0,
        0,
        2,
        15,
        50
      ]
    }
  },
	"SpecialRule":{
	}
  
}