{
  "BaseData": {
    "ProjectID": "GS14PB",
    "ModuleID": "GS14PB-94-FS",
    "GameType": 0,
    "StripType": 1,
    "GameTypeDetail": 12,
    "BonusList": [
      "GS14PB-94-FS"
    ]
  },
  "StripTable": {
    "Strip_1": {
      "Wieght": [],
      "Reel": [9,6,10,8,8,9,6,9,8,10,8,9,9,8,6,10,6,9,5,5,9,6,6,10,11,10,8,9,5,8,9,10,9,6,10,9,6,9,10,8,8,11,5,9,6,6,9,10,9,11,11,10,8,10,10,6,9,11,10,10,11,9,5,11,9,6,8,9,11,9,4,4,10,10,11,9,6,8,8,9,6,8,9,10,9,5,9,9,11,11,9,6,6,8,8,10,11,9,5,9,5,8,4,9,4,9,11,9,6,6,9,8,5,10,10,9,8,11,6,9,6,9,9,6,9,8,9,8,9,8,9,9,4,5,6,6,10,8,8,10,11,11,10,4,6,6,10,10,10,8,8,8,11,10,6,10,8,6,10,6,10,6,8,8,8,11,9,11,10,5,5,10,11,9,11,9,8,9,9,11,11,10,11,11,10,8,8,10,5,5,10,10,11,10,11,10,10,8,9,8,9,8,10,9,10,10,9,8,9,8,9,8,8,10,8,10,8,8,9,8,8,9,8,9,9,8,9,8,9,5,10,11,10,11,11,11,10,11,10,11,10,9,11,11,9,11,5,9,11,10,11,9,11,11,10,8,8,8,8,10,11,11,5,11,10,11,10,9,11,11,9,11,8,8,9,5,10,9,11,10,7,7,10,8,10,7,8,11,8,9,9,8,8,10,7,10,9,7,8,9,8,10,8,9,10,7,4,11,10,11,10,11,10,8,10,8,10,8,10,7,7,9,11,9,8,8,9,4,9,11,9,11,8,11,11,8,10,10,0,0,0,0,11,11,11,11,11,8,8,11,4,10,10,7,7,10,7,10,8,9,9,9,8,9,8,9,8,10,8,10,8,10,8,10,8,8,10,10,7,7,9,6,10,9,10,9,6,10,9,6,6,9,7,7,9,4,11,7,7,10,6,6,10,6,10,6,4,10,6,10,11,11,10,11,10,11,10,10,8,8,9,11,9,11,11,9,4,9,11,10,11,10,8,8,10,11,7,7,11,7,4,11,8,8,8,7,8,10,10,11,10,8,11,11,8,7,4,8,11,7,9,11,9,9,8,8,9,7,4,9,8,7,8,9,11,11,7,11,11,7,11,11,7,11,8,11,7,11,8,11,8,4,5,7,11,11,7,11,9,7,9,4,10,11,9,4,8,8,9,8,7,9,11,7,7,4,9,11,7,7,11,9,11,11,7,4,5,9
      ]
    },
    "Strip_2": {
      "Wieght": [],
      "Reel": [2,3,6,1,7,4,5,2,7,5,1,4,5,4,5,6,7,0,0,0,0,0,0,7,6,4,6,3
      ]
    },
    "Strip_3": {
      "Wieght": [],
      "Reel": [10,9,9,2,9,10,9,9,2,5,10,9,8,10,7,10,1,9,10,8,8,10,3,9,3,10,5,5,9,3,3,8,8,2,10,3,4,4,10,9,4,4,10,4,9,4,3,8,3,8,5,5,8,2,8,7,10,1,9,3,10,3,10,3,10,5,8,10,8,10,5,10,5,10,2,10,8,8,10,2,10,9,3,6,2,5,5,2,5,8,8,10,5,10,5,5,10,5,9,5,10,2,5,5,10,5,5,5,8,1,10,8,10,5,2,2,9,5,5,6,6,8,6,8,6,5,6,5,6,5,6,5,2,6,5,6,5,5,9,9,3,8,3,3,8,3,7,7,7,9,3,9,10,10,10,0,0,0,0,11,11,11,9,8,5,8,7,4,7,4,4,7,4,7,8,11,7,11,7,11,6,4,6,4,6,8,10,10,6,10,6,11,6,11,6,11,6,1,4,8,4,8,4,8,4,11,11,11,10,4,10,4,8,10,4,8,4,8,4,8,4,4,8,8,11,11,11,9,4,9,4,4,1,10,10,10,8,3,8,8,3,11,11,11,3,6,6,6,3,9,9,6,8,6,11,6,10,6,10,6,11,6,7,6,6,8,3,6,3,2,3,2,7,3,7,10,8,10,7,3,3,7,9,7,9,3,3,9,7,1,7,7,8,10,10,6,9,6,2,6,7,8,6,8,7,8,6,7,6,7,3,3,10,2,2,10,8,10,7,7,8,7,8,7,7,8,7,8,7,8,8,10,4,10,9,9,10,8,8,10,4,4,10,7,9,7,9,7,2,2,7,8,10,8,9,7,10,7,9,7,9,5,5,7,7,8,9,8,9,8,8,2,10,7,7,10,7,7,10,9,2,10,5,8,10,7,8,7,8,7,7,8,7,10,10,7,9,5,9,5,8,5,8,7,8,7,7,8,6,10,6,10,6,7,8,9,6,8,2,8,8,11,8,11,5,6,6,5,6,7,6,7,7,6,9,7,6,5,6,7,7,8,8,6,9,7,6,7,6,9,6,10,10,6,10,10,6,8,6,8,6,8,7,6,8,7,8,2,7,8,2,6,7,4,6,4,9,4,6,4,6,7,2,9,2,4,4,6,6,6,9,4,4,9,4,9,7,4,7,4,6,6,2,6,9,4,2,6,9,4,9,6,4,9,6,4,6,6,9,4,9,9,2,6,2,4,6,6,9,4,6,9,4,6,9,6,4,9,4,6,5,4,6,5,4,6,4,5,7,11,11,5,11,11,5,11,11,5,11,11,5,5,11,11,5,11,11,5,11,11,4,4,5,5,5,11,11,11,11,5
      ]
    },
    "Strip_4": {
      "Wieght": [],
      "Reel": [9,8,10,11,0,0,0,0,0,0,0,0,10,11,10,9,1,4,5,9,11,5,10,4,11,9,10,6,7,6,11,5,7,11,4,11,9,9,6,10,9,10,5,11,4,11,10,10,7,11,6,10,10,4,10,11,9,5,11,9,9,10,4,10,5,8,10,7,7,10,9,9,6,11,9,9,8,11,9,8,11,8,11,9
      ]
    },
    "Strip_5": {
      "Wieght": [],
      "Reel": [3,2,8,6,8,11,8,0,0,0,0,0,0,8,10,9,8,7,8,10,8,10,9,9,9,7,8,8,10,10,11,11,4,6,5,8,8,9,11,10,9,8,9,11,11,8
      ]
    }
  },
  "Icons": {
    "Icon1": {
      "IconID": 0,
      "IsWildSubstitute": false,
      "BonusID": "",
      "BonusTimes": [],
      "PayType": 0,
      "MultiplierType": 0,
      "MultiplierAcc": 0,
      "MultiplierWin": [
        1
      ],
      "MultiplierWeight": [
        1
      ],
      "WildType": 1,
      "IconPays": [
        0,
        0,
        25,
        200,
        1000
      ]
    },
    "Icon2": {
      "IconID": 1,
      "IsWildSubstitute": false,
      "BonusID": "WLS-00019PB-95-FS",
      "BonusTimes": [
        0,
        0,
        1,
        0,
        0
      ],
      "PayType": 6,
      "MultiplierType": 0,
      "MultiplierAcc": 0,
      "MultiplierWin": [
        1
      ],
      "MultiplierWeight": [
        1
      ],
      "WildType": 0,
      "IconPays": [
        0,
        0,
        40,
        0,
        0
      ]
    },
    "Icon3": {
      "IconID": 2,
      "IsWildSubstitute": true,
      "BonusID": "",
      "BonusTimes": [],
      "PayType": 0,
      "MultiplierType": 0,
      "MultiplierAcc": 0,
      "MultiplierWin": [
        1
      ],
      "MultiplierWeight": [
        1
      ],
      "WildType": 0,
      "IconPays": [
        0,
        0,
        20,
        100,
        400
      ]
    },
    "Icon4": {
      "IconID": 3,
      "IsWildSubstitute": true,
      "BonusID": "",
      "BonusTimes": [],
      "PayType": 0,
      "MultiplierType": 0,
      "MultiplierAcc": 0,
      "MultiplierWin": [
        1
      ],
      "MultiplierWeight": [
        1
      ],
      "WildType": 0,
      "IconPays": [
        0,
        0,
        20,
        100,
        400
      ]
    },
    "Icon5": {
      "IconID": 4,
      "IsWildSubstitute": true,
      "BonusID": "",
      "BonusTimes": [],
      "PayType": 0,
      "MultiplierType": 0,
      "MultiplierAcc": 0,
      "MultiplierWin": [
        1
      ],
      "MultiplierWeight": [
        1
      ],
      "WildType": 0,
      "IconPays": [
        0,
        0,
        10,
        50,
        250
      ]
    },
    "Icon6": {
      "IconID": 5,
      "IsWildSubstitute": true,
      "BonusID": "",
      "BonusTimes": [],
      "PayType": 0,
      "MultiplierType": 0,
      "MultiplierAcc": 0,
      "MultiplierWin": [
        1
      ],
      "MultiplierWeight": [
        1
      ],
      "WildType": 0,
      "IconPays": [
        0,
        0,
        10,
        50,
        250
      ]
    },
    "Icon7": {
      "IconID": 6,
      "IsWildSubstitute": true,
      "BonusID": "",
      "BonusTimes": [],
      "PayType": 0,
      "MultiplierType": 0,
      "MultiplierAcc": 0,
      "MultiplierWin": [
        1
      ],
      "MultiplierWeight": [
        1
      ],
      "WildType": 0,
      "IconPays": [
        0,
        0,
        5,
        25,
        150
      ]
    },
    "Icon8": {
      "IconID": 7,
      "IsWildSubstitute": true,
      "BonusID": "",
      "BonusTimes": [],
      "PayType": 0,
      "MultiplierType": 0,
      "MultiplierAcc": 0,
      "MultiplierWin": [
        1
      ],
      "MultiplierWeight": [
        1
      ],
      "WildType": 0,
      "IconPays": [
        0,
        0,
        5,
        25,
        150
      ]
    },
    "Icon9": {
      "IconID": 8,
      "IsWildSubstitute": true,
      "BonusID": "",
      "BonusTimes": [],
      "PayType": 0,
      "MultiplierType": 0,
      "MultiplierAcc": 0,
      "MultiplierWin": [
        1
      ],
      "MultiplierWeight": [
        1
      ],
      "WildType": 0,
      "IconPays": [
        0,
        0,
        5,
        20,
        100
      ]
    },
    "Icon10": {
      "IconID": 9,
      "IsWildSubstitute": true,
      "BonusID": "",
      "BonusTimes": [],
      "PayType": 0,
      "MultiplierType": 0,
      "MultiplierAcc": 0,
      "MultiplierWin": [
        1
      ],
      "MultiplierWeight": [
        1
      ],
      "WildType": 0,
      "IconPays": [
        0,
        0,
        5,
        20,
        100
      ]
    },
    "Icon11": {
      "IconID": 10,
      "IsWildSubstitute": true,
      "BonusID": "",
      "BonusTimes": [],
      "PayType": 0,
      "MultiplierType": 0,
      "MultiplierAcc": 0,
      "MultiplierWin": [
        1
      ],
      "MultiplierWeight": [
        1
      ],
      "WildType": 0,
      "IconPays": [
        0,
        0,
        5,
        20,
        100
      ]
    },
    "Icon12": {
      "IconID": 11,
      "IsWildSubstitute": true,
      "BonusID": "",
      "BonusTimes": [],
      "PayType": 0,
      "MultiplierType": 0,
      "MultiplierAcc": 0,
      "MultiplierWin": [
        1
      ],
      "MultiplierWeight": [
        1
      ],
      "WildType": 0,
      "IconPays": [
        0,
        0,
        5,
        20,
        100
      ]
    }
  },
  "SpecialRule": {}
}