{

	"BaseData":{
		"ProjectID": "WLS-00029CH",
		"ModuleID": "WLS-00029CH-85-BS",
		"GameType": 0,
		"StripType": 0,
		"GameTypeDetail": 3,
		"BonusList":["WLS-00029CH-85-FS"]
	},
  "StripTable": {
		"Strip_1":{
			"Wieght":[],
			"Reel":[8, 4, 8, 4, 6, 5, 9, 9, 8, 7, 8, 6, 7, 9, 2, 6, 3, 6, 5, 4, 6, 6, 0, 8, 9, 2, 6, 7, 6, 6, 8, 8, 0, 4, 4, 6, 4, 5, 9, 4, 7, 7, 4, 5, 7, 6, 5, 8, 7]
		},
		"Strip_2":{
			"Wieght":[],
			"Reel":[3, 8, 5, 5, 6, 9, 5, 9, 4, 5, 8, 0, 3, 9, 7, 9, 5, 2, 9, 5, 8, 4, 9, 5, 4, 9, 2, 0, 9, 4, 9, 8, 4, 6, 9, 5, 2, 4, 6, 7, 8, 5, 9, 4, 6, 5, 9]
		},
		"Strip_3":{
			"Wieght":[],
			"Reel":[7, 9, 5, 7, 2, 9, 4, 4, 2, 6, 9, 2, 7, 1, 7, 3, 9, 7, 1, 2, 9, 8, 3, 7, 8, 6, 8, 8, 3, 8, 7, 5, 7, 1, 3, 3, 8, 7, 3, 6, 8, 6, 9, 8, 7, 1, 9, 2, 8, 0]
		},
		"Strip_4":{
			"Wieght":[],
			"Reel":[0, 4, 7, 7, 9, 5, 7, 9, 4, 1, 4, 0, 3, 2, 6, 9, 4, 8, 7, 8, 6, 9, 9, 0, 7, 1, 5, 9, 8, 6, 9, 8, 6, 7, 6, 9, 1, 9, 9, 0, 6, 3, 9, 7, 9, 6, 0, 8, 7, 0, 6, 6, 7, 9, 8, 1, 5, 6, 1, 7, 9, 8, 1, 5, 6, 1]
		},
		"Strip_5":{
			"Wieght":[],
			"Reel":[8, 7, 5, 4, 4, 6, 5, 5, 9, 2, 4, 5, 3, 4, 5, 3, 7, 8, 1, 7, 8, 3, 1, 5, 6, 7, 8, 1, 8, 5, 5, 3, 0, 3, 5, 5, 3, 4, 0, 7, 9, 1, 3, 8, 7, 5, 8, 6, 4, 6, 6, 4, 4, 8, 4, 3, 1, 6, 9, 0]
		}
  },

  "Icons": {
    "Icon1": {
      "IconID": 0,
      "IsWildSubstitute": false,
      
      "BonusID": "",
      "BonusTimes": [],
      "PayType": 0,
	  "MultiplierType": 1,
      "MultiplierAcc": 0,
      "MultiplierWin": [1],
	  "MultiplierWeight": [1],
      "WildType": 1,
      "IconPays": [
        0,
        10,
        500,
        3000,
        10000
      ]
    },
    "Icon2": {
      "IconID": 1,
      "IsWildSubstitute": false,
      
      "BonusID": "WLS-00014PC-95-FS",
      "BonusTimes": [
        0,
        0,
        0,
        0,
        0
      ],
      "PayType": 6,
	  "MultiplierType": 1,
      "MultiplierAcc": 0,
      "MultiplierWin": [1],
	  "MultiplierWeight": [1],
      "WildType": 0,
      "IconPays": [
        0,
        0,
        0,
        0,
        0
      ]
    },
    "Icon3": {
      "IconID": 2,
      "IsWildSubstitute": true,
      
      "BonusID": "",
      "BonusTimes": [],
      "PayType": 0,
	  "MultiplierType": 1,
      "MultiplierAcc": 0,
      "MultiplierWin": [1],
	  "MultiplierWeight": [1],
      "WildType": 0,
      "IconPays": [
        0,
        2,
        50,
        500,
        3000
      ]
    },
    "Icon4": {
      "IconID": 3,
      "IsWildSubstitute": true,
      
      "BonusID": "",
      "BonusTimes": [],
      "PayType": 0,
	  "MultiplierType": 1,
      "MultiplierAcc": 0,
      "MultiplierWin": [1],
	  "MultiplierWeight": [1],
      "WildType": 0,
      "IconPays": [
        0,
        2,
        50,
        200,
        1500
      ]
    },
    "Icon5": {
      "IconID": 4,
      "IsWildSubstitute": true,
      
      "BonusID": "",
      "BonusTimes": [],
      "PayType": 0,
	  "MultiplierType": 1,
      "MultiplierAcc": 0,
      "MultiplierWin": [1],
	  "MultiplierWeight": [1],
      "WildType": 0,
      "IconPays": [
        0,
        0,
        10,
        60,
        200
      ]
    },
    "Icon6": {
      "IconID": 5,
      "IsWildSubstitute": true,
      
      "BonusID": "",
      "BonusTimes": [],
      "PayType": 0,
	  "MultiplierType": 1,
      "MultiplierAcc": 0,
      "MultiplierWin": [1],
	  "MultiplierWeight": [1],
      "WildType": 0,
      "IconPays": [
        0,
        0,
        10,
        60,
        200
      ]
    },
    "Icon7": {
      "IconID": 6,
      "IsWildSubstitute": true,
      
      "BonusID": "",
      "BonusTimes": [],
      "PayType": 0,
	  "MultiplierType": 1,
      "MultiplierAcc": 0,
      "MultiplierWin": [1],
	  "MultiplierWeight": [1],
      "WildType": 0,
      "IconPays": [
        0,
        0,
        10,
        30,
        150
      ]
    },
    "Icon8": {
      "IconID": 7,
      "IsWildSubstitute": true,
      
      "BonusID": "",
      "BonusTimes": [],
      "PayType": 0,
	  "MultiplierType": 1,
      "MultiplierAcc": 0,
      "MultiplierWin": [1],
	  "MultiplierWeight": [1],
      "WildType": 0,
      "IconPays": [
        0,
        0,
        10,
        30,
        150
      ]
    },
    "Icon9": {
      "IconID": 8,
      "IsWildSubstitute": true,
      
      "BonusID": "",
      "BonusTimes": [],
      "PayType": 0,
	  "MultiplierType": 1,
      "MultiplierAcc": 0,
      "MultiplierWin": [1],
	  "MultiplierWeight": [1],
      "WildType": 0,
      "IconPays": [
        0,
        0,
        5,
        30,
        125
      ]
    },
    "Icon10": {
      "IconID": 9,
      "IsWildSubstitute": true,
      
      "BonusID": "",
      "BonusTimes": [],
      "PayType": 0,
	  "MultiplierType": 1,
      "MultiplierAcc": 0,
      "MultiplierWin": [1],
	  "MultiplierWeight": [1],
      "WildType": 0,
      "IconPays": [
        0,
        0,
        5,
        10,
        125
      ]
    },
    "Icon11": {
      "IconID": 10,
      "IsWildSubstitute": true,
      
      "BonusID": "",
      "BonusTimes": [],
      "PayType": 0,
	  "MultiplierType": 1,
      "MultiplierAcc": 0,
      "MultiplierWin": [1],
	  "MultiplierWeight": [1],
      "WildType": 0,
      "IconPays": [
        0,
        0,
        0,
        0,
        0
      ]
    },
	"Icon12": {
      "IconID": 11,
      "IsWildSubstitute": true,
      
      "BonusID": "",
      "BonusTimes": [],
      "PayType": 0,
	  "MultiplierType": 1,
      "MultiplierAcc": 0,
      "MultiplierWin": [1],
	  "MultiplierWeight": [1],
      "WildType": 0,
      "IconPays": [
        0,
        0,
        0,
        0,
        0
      ]
    }
  },
	"SpecialRule":{
	}
  
}