{
  "BaseData": {
    "ProjectID": "GK",
    "ModuleID": "GK-98-FS",
    "GameType": 0,
    "StripType": 1,
    "GameTypeDetail": 12,
    "BonusList": [
      "GK-98-FS"
    ]
  },
  "StripTable": {
    "Strip_1": {
      "Wieght": [],
      "Reel": [7,8,10,4,10,6,7,6,5,10,5,10,10,3,8,10,6,9,9,5,10,9,8,10,3,6,7,9,9,2,10,6,10,4,9,10,3,7,7,6,6,10,9,10,9,9,10,5,9,9,7,10,3,10,9,10,3,3,3,10,10,2,9,8,8,10,2,9,10,10,6,9,10,10,2,8,8,10,6,10,5,7,9,5,10,10,5,9,10,9,3,8,10,7,9,5,9,5,10,9,10,10,5,5,5,10,10,9,10,4,9,10,9,10,7,9,8,10,7,6,10,10,2,9,10,7,9,9,5,5,9,10,7,4,5,7,8,9,10,3,2,3,8,9,3,10,10,10,9,10,4,9,10,6,3,4,10,9,9,7,9,6,9,9,9,9,4,9,5,4,7,8,9,6,10,9,4,6,6,9,3,6,8,9,9,4,9,4,7,10,9,4,4,9,6,10,10,9,3,10,9,8,2,9,10,9,4,9,6,10,9,7,7,7,7,9,6,10,10,9,6,10,10,8,3,2,3,10,10,9,9,6,9,9,8,10,4,5,9,10,6,9,10,9,9,10,2,7,7,9,10,9,3,3,3,9,5,9,8,10,4,6,4,10,10,10,10,9,10,7,9,10,6,4,10,6,6,9,10,9,9,9,8,9,8,4,10,8,2,3,4,9,9,9,7,10,3,10,10,8,9,5,10,10,9,10,5,8,4,8,9,8,2,7,6,10,7,9,10,9,3,9,10,9,10,9,9,2,10,10,9,10,10,9,6,3,2,3,9,10,8,6,7,10,8,10,9,10,9,9,4,10,10,3,3,7,9,9,10,7,10,5,6,10,10,9,3,6,10,10,5,8,5,8,6,10,9,9,4,7,8,10,9,8,4,9,5,7,9,2,9,9,10,10,7,9,3,10,10,3,8,8,3,10,10,10,10
      ]
    },
    "Strip_2": {
      "Wieght": [],
      "Reel": [7,8,10,6,8,9,3,5,7,9,6,8,6,6,8,6,8,9,0,7,7,6,5,9,8,6,3,3,6,9,4,7,9,5,10,7,9,9,7,9,7,7,6,6,7,9,10,5,8,7,5,6,6,8,7,5,9,7,8,9,8,8,8,9,5,10,10,4,6,8,9,9,9,7,0,8,5,8,6,7,9,7,8,7,8,10,8,10,5,10,3,7,6,7,7,7,8,0,7,3,6,10,8,10,6,5,2,9,9,9,2,6,7,8,8,0,0,9,8,9,7,8,10,3,10,5,5,3,2,7,8,10,7,7,9,4,9,10,4,3,6,10,8,4,9,9,8,10,6,8,8,8,8,10,8,4,6,7,8,8,4,6,7,6,3,0,8,9,10,7,6,3,8,9,4,9,8,4,7,6,10,6,6,5,10,7,9,8,7,7,8,7,7,7,7,9,6,5,0,6,0,4,7,0,9,8,7,8,7,7,0,8,5,6,8,8,7,8,10,10,7,6,9,7,10,10,10,9,10,10,9,6,10,10,10
      ]
    },
    "Strip_3": {
      "Wieght": [],
      "Reel": [7,9,10,9,5,7,7,8,8,7,3,5,2,8,9,8,8,3,10,9,3,7,2,0,9,8,9,5,5,5,7,7,8,8,10,0,5,4,10,9,9,6,9,6,7,5,10,10,6,9,7,7,8,3,6,10,9,5,9,9,5,8,8,7,6,4,9,0,9,7,7,6,6,9,4,6,4,10,7,9,4,5,6,6,0,9,8,3,6,4,9,7,5,6,6,10,3,9,5,7,3,5,3,6,7,9,6,6,5,9,8,5,8,8,8,9,10,8,7,5,4,10,8,6,0,10,7,5,4,3,9,6,4,5,9,9,8,7,7,8,6,10,5,8,3,8,7,5,0,8,10,8,6,9,9,5,9,2,0,7,7,9,8,10,5,4,6,8,7,9,8,10,8,4,7,0,0,9,10,0,8,7,6,3,10,8,3,8,10,5,7,5,7,9,5,10,10,4,6,9,7,6,9,7,6,8,4,7,6,10,5,6,10,5,10,10,9,9,10,10,10,8,8,10,10,10,4,9
      ]
    },
    "Strip_4": {
      "Wieght": [],
      "Reel": [9,6,6,7,7,7,7,4,6,8,0,8,8,2,8,8,4,9,7,4,10,8,7,5,9,5,7,7,7,6,9,7,10,7,5,9,8,7,10,7,4,3,2,4,8,8,10,4,8,9,4,6,9,7,0,8,4,5,10,9,7,8,8,8,9,9,7,8,8,7,10,8,7,7,9,5,0,7,8,3,10,9,10,6,0,5,8,5,3,8,6,9,7,7,8,0,8,7,4,6,7,10,5,9,8,9,4,9,0,8,9,7,6,6,4,4,10,9,3,5,0,10,0,8,8,10,5,3,5,9,7,8,0,8,5,8,5,7,9,9,7,7,6,6,7,8,7,10,9,0,8,9,9,6,10,5,8,8,9,6,10,8,7,7,6,8,9,8,10,9,7,2,7,9,7,10,5,0,4,6,10,5,9,9,8,8,4,5,9,7,7,4,6,8,7,9,7,9,8,8,8,5,9,10,5,7,9,7,6,3,8,10,7,10,10,6,8,8,7,10,10,10,10,5,9,6,10,10,10
      ]
    },
    "Strip_5": {
      "Wieght": [],
      "Reel": [7,10,5,2,8,8,4,9,6,8,7,9,7,3,7,10,8,9,10,10,6,6,10,8,0,8,7,7,9,8,9,9,4,10,10,5,7,7,6,6,7,10,7,0,8,7,5,7,6,4,7,0,3,6,10,8,3,2,10,9,5,9,5,5,6,8,7,0,3,0,0,6,8,5,10,8,0,9,7,0,6,5,2,7,9,9,10,8,4,8,10,8,0,9,6,8,9,7,7,10,10,10,7,5,8,9,7,5,10,2,8,7,9,8,5,8,7,6,6,7,5,9,6,3,10,4,8,9,7,8,7,8,7,5,9,0,4,9,10,4,3,5,7,7,3,5,0,7,8,9,6,7,6,7,7,6,7,8,8,9,8,0,6,6,6,9,6,9,5,8,7,8,4,6,10,4,8,3,10,6,6,8,5,9,8,5,10,3,3,8,7,8,9,8,10,4,10,9,10,10,9,10,5,9,9,10,9,10,10,10,6,9,9,8,7,5
      ]
    }
  },
  "Icons": {
    "Icon1": {
      "IconID": 0,
      "IsWildSubstitute": false,
      "BonusID": "",
      "BonusTimes": [],
      "PayType": 0,
      "MultiplierType": 0,
      "MultiplierAcc": 0,
      "MultiplierWin": [
        1
      ],
      "MultiplierWeight": [
        1
      ],
      "WildType": 1,
      "IconPays": [
        0,
        0,
        0,
        0,
        0
      ]
    },
    "Icon2": {
      "IconID": 1,
      "IsWildSubstitute": false,
      "BonusID": "WLS-00019GK-95-FS",
      "BonusTimes": [
        0,
        0,
        0,
        0,
        0
      ],
      "PayType": 6,
      "MultiplierType": 0,
      "MultiplierAcc": 0,
      "MultiplierWin": [
        1
      ],
      "MultiplierWeight": [
        1
      ],
      "WildType": 0,
      "IconPays": [
        0,
        0,
        0,
        0,
        0
      ]
    },
    "Icon3": {
      "IconID": 2,
      "IsWildSubstitute": true,
      "BonusID": "",
      "BonusTimes": [],
      "PayType": 0,
      "MultiplierType": 0,
      "MultiplierAcc": 0,
      "MultiplierWin": [
        1
      ],
      "MultiplierWeight": [
        1
      ],
      "WildType": 0,
      "IconPays": [
        0,
        0,
        50,
        300,
        1000
      ]
    },
    "Icon4": {
      "IconID": 3,
      "IsWildSubstitute": true,
      "BonusID": "",
      "BonusTimes": [],
      "PayType": 0,
      "MultiplierType": 0,
      "MultiplierAcc": 0,
      "MultiplierWin": [
        1
      ],
      "MultiplierWeight": [
        1
      ],
      "WildType": 0,
      "IconPays": [
        0,
        0,
        30,
        150,
        500
      ]
    },
    "Icon5": {
      "IconID": 4,
      "IsWildSubstitute": true,
      "BonusID": "",
      "BonusTimes": [],
      "PayType": 0,
      "MultiplierType": 0,
      "MultiplierAcc": 0,
      "MultiplierWin": [
        1
      ],
      "MultiplierWeight": [
        1
      ],
      "WildType": 0,
      "IconPays": [
        0,
        0,
        30,
        150,
        500
      ]
    },
    "Icon6": {
      "IconID": 5,
      "IsWildSubstitute": true,
      "BonusID": "",
      "BonusTimes": [],
      "PayType": 0,
      "MultiplierType": 0,
      "MultiplierAcc": 0,
      "MultiplierWin": [
        1
      ],
      "MultiplierWeight": [
        1
      ],
      "WildType": 0,
      "IconPays": [
        0,
        0,
        20,
        75,
        200
      ]
    },
    "Icon7": {
      "IconID": 6,
      "IsWildSubstitute": true,
      "BonusID": "",
      "BonusTimes": [],
      "PayType": 0,
      "MultiplierType": 0,
      "MultiplierAcc": 0,
      "MultiplierWin": [
        1
      ],
      "MultiplierWeight": [
        1
      ],
      "WildType": 0,
      "IconPays": [
        0,
        0,
        20,
        75,
        200
      ]
    },
    "Icon8": {
      "IconID": 7,
      "IsWildSubstitute": true,
      "BonusID": "",
      "BonusTimes": [],
      "PayType": 0,
      "MultiplierType": 0,
      "MultiplierAcc": 0,
      "MultiplierWin": [
        1
      ],
      "MultiplierWeight": [
        1
      ],
      "WildType": 0,
      "IconPays": [
        0,
        0,
        10,
        30,
        150
      ]
    },
    "Icon9": {
      "IconID": 8,
      "IsWildSubstitute": true,
      "BonusID": "",
      "BonusTimes": [],
      "PayType": 0,
      "MultiplierType": 0,
      "MultiplierAcc": 0,
      "MultiplierWin": [
        1
      ],
      "MultiplierWeight": [
        1
      ],
      "WildType": 0,
      "IconPays": [
        0,
        0,
        10,
        30,
        150
      ]
    },
    "Icon10": {
      "IconID": 9,
      "IsWildSubstitute": true,
      "BonusID": "",
      "BonusTimes": [],
      "PayType": 0,
      "MultiplierType": 0,
      "MultiplierAcc": 0,
      "MultiplierWin": [
        1
      ],
      "MultiplierWeight": [
        1
      ],
      "WildType": 0,
      "IconPays": [
        0,
        0,
        5,
        20,
        100
      ]
    },
    "Icon11": {
      "IconID": 10,
      "IsWildSubstitute": true,
      "BonusID": "",
      "BonusTimes": [],
      "PayType": 0,
      "MultiplierType": 0,
      "MultiplierAcc": 0,
      "MultiplierWin": [
        1
      ],
      "MultiplierWeight": [
        1
      ],
      "WildType": 0,
      "IconPays": [
        0,
        0,
        5,
        20,
        100
      ]
    },
  "SpecialRule": {}
}
}